{"name":"26621479-608a-4594-bc43-9467ce071937","id":"/providers/Microsoft.Flow/flows/26621479-608a-4594-bc43-9467ce071937","type":"Microsoft.Flow/flows","properties":{"apiId":"/providers/Microsoft.PowerApps/apis/shared_logicflows","displayName":"Add Contact to Access Database","definition":{"metadata":{"workflowEntityId":null,"processAdvisorMetadata":null,"flowclientsuspensionreason":"None","flowclientsuspensiontime":null,"creator":{"id":"f9695749-c3c3-4d30-b884-bb4dd913ab47","type":"User","tenantId":"5304a95c-5ee5-4443-8624-7ef70524e648"},"provisioningMethod":"FromDefinition","failureAlertSubscription":true,"clientLastModifiedTime":"2022-04-01T14:13:50.5158259Z"},"$schema":"https://schema.management.azure.com/providers/Microsoft.Logic/schemas/2016-06-01/workflowdefinition.json#","contentVersion":"1.0.0.0","parameters":{"$connections":{"defaultValue":{},"type":"Object"},"$authentication":{"defaultValue":{},"type":"SecureObject"}},"triggers":{"When_a_new_response_is_submitted":{"splitOn":"@triggerOutputs()?['body/value']","metadata":{"operationMetadataId":"fae41790-7e64-46a2-a837-256307a52882"},"type":"OpenApiConnectionWebhook","inputs":{"host":{"apiId":"/providers/Microsoft.PowerApps/apis/shared_microsoftforms","connectionName":"shared_microsoftforms","operationId":"CreateFormWebhook"},"parameters":{"form_id":"XKkEU-VeQ0SGJH73BSTmSElXafnDwzBNuIS7TdkTq0dUME5KRjNTMlBMWDY4QUdMWVdIUlRHSUE1MS4u"},"authentication":"@parameters('$authentication')"}}},"actions":{"Get_response_details":{"runAfter":{},"metadata":{"operationMetadataId":"65b56f17-99e1-49ce-8622-cf5f6897e1b6"},"type":"OpenApiConnection","inputs":{"host":{"apiId":"/providers/Microsoft.PowerApps/apis/shared_microsoftforms","connectionName":"shared_microsoftforms","operationId":"GetFormResponseById"},"parameters":{"form_id":"XKkEU-VeQ0SGJH73BSTmSElXafnDwzBNuIS7TdkTq0dUME5KRjNTMlBMWDY4QUdMWVdIUlRHSUE1MS4u","response_id":"@triggerOutputs()?['body/resourceData/responseId']"},"authentication":"@parameters('$authentication')"}},"Run_a_flow_built_with_Power_Automate_for_desktop":{"runAfter":{"Get_response_details":["Succeeded"]},"metadata":{"operationMetadataId":"f1c6f584-eb72-463b-b98f-ef2c765c94a6"},"type":"OpenApiConnection","inputs":{"host":{"apiId":"/providers/Microsoft.PowerApps/apis/shared_uiflow","connectionName":"shared_uiflow_1","operationId":"RunUIFlow_V2"},"parameters":{"uiFlowId":"2d94a71b-8992-4cd4-b59c-b818f1a11f5d","runMode":"attended","item/varFormCompanyName":"@outputs('Get_response_details')?['body/r6672bad296874f2a897f7d8efa7bb676']","item/varFormFirstName":"@outputs('Get_response_details')?['body/r6a4188b9ab2448fd9e7b2c47934ee5f9']","item/varFormLastName":"@outputs('Get_response_details')?['body/r4c7033e860204d72a83912feee515d71']","item/varFormJobTitle":"@outputs('Get_response_details')?['body/r5120e357c25d4f788192644688d1b8ff']","item/varFormMail":"@outputs('Get_response_details')?['body/r35164cfe8b08447f9084c128f35c929a']","item/varFormTelephoneNumber":"@outputs('Get_response_details')?['body/rbcc46500e0cd4cfb817822f1086be2ae']","x-ms-flow-trusted-access":true},"authentication":"@parameters('$authentication')"}}}},"connectionReferences":{"shared_microsoftforms":{"connectionName":"shared-microsoftform-fc9431dc-3da9-4da1-aa3b-d1ba4e6ec057","source":"Embedded","id":"/providers/Microsoft.PowerApps/apis/shared_microsoftforms","tier":"NotSpecified"},"shared_uiflow_1":{"connectionName":"shared-uiflow-1d25369f-8f83-426f-969d-e8990f837d32","source":"Embedded","id":"/providers/Microsoft.PowerApps/apis/shared_uiflow","tier":"NotSpecified"}},"flowFailureAlertSubscribed":false}}