{"name":"c8f42276-df0a-427e-9508-e403cf38a0c0","id":"/providers/Microsoft.Flow/flows/c8f42276-df0a-427e-9508-e403cf38a0c0","type":"Microsoft.Flow/flows","properties":{"apiId":"/providers/Microsoft.PowerApps/apis/shared_logicflows","displayName":"Purchase Approval","definition":{"metadata":{"workflowEntityId":null,"processAdvisorMetadata":null,"flowclientsuspensionreason":"None","flowclientsuspensiontime":null,"creator":{"id":"f9695749-c3c3-4d30-b884-bb4dd913ab47","type":"User","tenantId":"5304a95c-5ee5-4443-8624-7ef70524e648"},"provisioningMethod":"FromDefinition","failureAlertSubscription":true,"clientLastModifiedTime":"2022-03-16T15:04:24.7271535Z"},"$schema":"https://schema.management.azure.com/providers/Microsoft.Logic/schemas/2016-06-01/workflowdefinition.json#","contentVersion":"1.0.0.0","parameters":{"$connections":{"defaultValue":{},"type":"Object"},"$authentication":{"defaultValue":{},"type":"SecureObject"}},"triggers":{"When_a_file_is_created_in_a_folder":{"recurrence":{"frequency":"Minute","interval":1},"metadata":{"%252fShared%2bDocuments%252fSubmitted":"/Shared Documents/Submitted","operationMetadataId":"edb949e5-3f51-48cb-bb64-2750b858e19d"},"type":"OpenApiConnection","inputs":{"host":{"apiId":"/providers/Microsoft.PowerApps/apis/shared_sharepointonline","connectionName":"shared_sharepointonline","operationId":"OnNewFile"},"parameters":{"dataset":"https://learningpowerautomate.sharepoint.com/sites/PurchaseOrder","folderId":"%252fShared%2bDocuments%252fSubmitted","inferContentType":true},"authentication":"@parameters('$authentication')"}}},"actions":{"Get_file_metadata":{"runAfter":{},"metadata":{"operationMetadataId":"d3fa3706-3366-435c-bebe-43d5828ed2a9"},"type":"OpenApiConnection","inputs":{"host":{"apiId":"/providers/Microsoft.PowerApps/apis/shared_sharepointonline","connectionName":"shared_sharepointonline","operationId":"GetFileMetadata"},"parameters":{"dataset":"https://learningpowerautomate.sharepoint.com/sites/PurchaseOrder","id":"@triggerOutputs()?['headers/x-ms-file-id']"},"authentication":"@parameters('$authentication')"}},"Get_file_properties":{"runAfter":{"Get_file_metadata":["Succeeded"]},"metadata":{"operationMetadataId":"9e21cf36-fa17-4033-9a0e-b9ba35f5f2b7"},"type":"OpenApiConnection","inputs":{"host":{"apiId":"/providers/Microsoft.PowerApps/apis/shared_sharepointonline","connectionName":"shared_sharepointonline","operationId":"GetFileItem"},"parameters":{"dataset":"https://learningpowerautomate.sharepoint.com/sites/PurchaseOrder","table":"82b60f42-c936-4d6c-90bd-f11403afc026","id":"@outputs('Get_file_metadata')?['body/ItemId']"},"authentication":"@parameters('$authentication')"}},"Get_user_profile_(V2)":{"runAfter":{"Get_file_properties":["Succeeded"]},"metadata":{"operationMetadataId":"c659a3f4-d2fb-4f5d-8173-087555ce5fe8"},"type":"OpenApiConnection","inputs":{"host":{"apiId":"/providers/Microsoft.PowerApps/apis/shared_office365users","connectionName":"shared_office365users","operationId":"UserProfile_V2"},"parameters":{"id":"@outputs('Get_file_properties')?['body/Author/Email']"},"authentication":"@parameters('$authentication')"}},"Get_manager_(V2)":{"runAfter":{"Get_user_profile_(V2)":["Succeeded"]},"metadata":{"operationMetadataId":"ee64cb16-7381-4fa5-88b9-f95641dded03"},"type":"OpenApiConnection","inputs":{"host":{"apiId":"/providers/Microsoft.PowerApps/apis/shared_office365users","connectionName":"shared_office365users","operationId":"Manager_V2"},"parameters":{"id":"@outputs('Get_user_profile_(V2)')?['body/userPrincipalName']"},"authentication":"@parameters('$authentication')"}},"Create_an_approval":{"runAfter":{"Get_manager_(V2)":["Succeeded"]},"metadata":{"operationMetadataId":"ad1e79bc-93df-48e7-99ff-7b73ad2e47fe"},"type":"OpenApiConnection","inputs":{"host":{"apiId":"/providers/Microsoft.PowerApps/apis/shared_approvals","connectionName":"shared_approvals","operationId":"CreateAnApproval"},"parameters":{"approvalType":"Basic","ApprovalCreationInput/title":"Approval request for @{outputs('Get_file_properties')?['body/Title']} from @{outputs('Get_file_properties')?['body/Author/DisplayName']}","ApprovalCreationInput/assignedTo":"@{outputs('Get_manager_(V2)')?['body/mail']};","ApprovalCreationInput/itemLink":"@outputs('Get_file_properties')?['body/{Link}']","ApprovalCreationInput/enableNotifications":true,"ApprovalCreationInput/enableReassignment":true},"authentication":"@parameters('$authentication')"}},"Post_adaptive_card_in_a_chat_or_channel":{"runAfter":{"Create_an_approval":["Succeeded"]},"metadata":{"operationMetadataId":"7280d3d6-a3e8-48af-bf91-125ece337986"},"type":"OpenApiConnection","inputs":{"host":{"apiId":"/providers/Microsoft.PowerApps/apis/shared_teams","connectionName":"shared_teams","operationId":"PostCardToConversation"},"parameters":{"poster":"Flow bot","location":"Chat with Flow bot","body/recipient":"@{outputs('Get_manager_(V2)')?['body/mail']};","body/messageBody":"@outputs('Create_an_approval')?['body/adaptiveCard']"},"authentication":"@parameters('$authentication')"}},"Wait_for_an_approval":{"runAfter":{"Post_adaptive_card_in_a_chat_or_channel":["Succeeded"]},"metadata":{"operationMetadataId":"44e66c37-30f2-46de-beff-f2bfb8760d58"},"type":"OpenApiConnectionWebhook","inputs":{"host":{"apiId":"/providers/Microsoft.PowerApps/apis/shared_approvals","connectionName":"shared_approvals","operationId":"WaitForAnApproval"},"parameters":{"approvalName":"@outputs('Create_an_approval')?['body/name']"},"authentication":"@parameters('$authentication')"}},"Condition":{"actions":{"Post_message_in_a_chat_or_channel":{"runAfter":{},"metadata":{"operationMetadataId":"35d15733-6691-4f45-8702-d0b9cca90f45"},"type":"OpenApiConnection","inputs":{"host":{"apiId":"/providers/Microsoft.PowerApps/apis/shared_teams","connectionName":"shared_teams","operationId":"PostMessageToConversation"},"parameters":{"poster":"Flow bot","location":"Chat with Flow bot","body/recipient":"@{outputs('Get_user_profile_(V2)')?['body/mail']};","body/messageBody":"<p>@{outputs('Get_manager_(V2)')?['body/displayName']} has approved your request (@{outputs('Get_file_properties')?['body/{Link}']}). Yay!</p>"},"authentication":"@parameters('$authentication')"}},"Move_file":{"runAfter":{"Post_message_in_a_chat_or_channel":["Succeeded"]},"metadata":{"operationMetadataId":"7a9e9813-b9af-42cc-b4a0-627d2ebe7cd7"},"type":"OpenApiConnection","inputs":{"host":{"apiId":"/providers/Microsoft.PowerApps/apis/shared_sharepointonline","connectionName":"shared_sharepointonline","operationId":"MoveFileAsync"},"parameters":{"dataset":"https://learningpowerautomate.sharepoint.com/sites/PurchaseOrder","parameters/sourceFileId":"@triggerOutputs()?['headers/x-ms-file-id']","parameters/destinationDataset":"https://learningpowerautomate.sharepoint.com/sites/PurchaseOrder","parameters/destinationFolderPath":"/Shared Documents/Approved","parameters/nameConflictBehavior":2},"authentication":"@parameters('$authentication')"}}},"runAfter":{"Wait_for_an_approval":["Succeeded"]},"else":{"actions":{"Post_message_in_a_chat_or_channel_2":{"runAfter":{},"metadata":{"operationMetadataId":"4855ec4d-28c7-493c-8e80-322c407b51b6"},"type":"OpenApiConnection","inputs":{"host":{"apiId":"/providers/Microsoft.PowerApps/apis/shared_teams","connectionName":"shared_teams","operationId":"PostMessageToConversation"},"parameters":{"poster":"Flow bot","location":"Chat with Flow bot","body/recipient":"@{outputs('Get_user_profile_(V2)')?['body/mail']};","body/messageBody":"<p>@{outputs('Get_manager_(V2)')?['body/displayName']} has deneid your request (@{outputs('Get_file_properties')?['body/{Link}']}).</p>"},"authentication":"@parameters('$authentication')"}},"Move_file_2":{"runAfter":{"Post_message_in_a_chat_or_channel_2":["Succeeded"]},"metadata":{"operationMetadataId":"07fced99-5e2f-4a19-a093-1b70d28ce1ce"},"type":"OpenApiConnection","inputs":{"host":{"apiId":"/providers/Microsoft.PowerApps/apis/shared_sharepointonline","connectionName":"shared_sharepointonline","operationId":"MoveFileAsync"},"parameters":{"dataset":"https://learningpowerautomate.sharepoint.com/sites/PurchaseOrder","parameters/sourceFileId":"@triggerOutputs()?['headers/x-ms-file-id']","parameters/destinationDataset":"https://learningpowerautomate.sharepoint.com/sites/PurchaseOrder","parameters/destinationFolderPath":"/Shared Documents/Rejected","parameters/nameConflictBehavior":2},"authentication":"@parameters('$authentication')"}}}},"expression":{"equals":["@outputs('Wait_for_an_approval')?['body/outcome']","Approve"]},"metadata":{"operationMetadataId":"988359c0-42da-4c83-b27f-c4614bfee564"},"type":"If"}}},"connectionReferences":{"shared_sharepointonline":{"connectionName":"shared-sharepointonl-1d795710-595d-46cc-8589-8394f06d83a0","source":"Embedded","id":"/providers/Microsoft.PowerApps/apis/shared_sharepointonline","tier":"NotSpecified"},"shared_office365users":{"connectionName":"shared-office365user-607d032f-af6f-4105-b36e-17839ccd47b5","source":"Embedded","id":"/providers/Microsoft.PowerApps/apis/shared_office365users","tier":"NotSpecified"},"shared_approvals":{"connectionName":"shared-approvals-8d170f3b-4ac2-4987-ad76-c6b5ff89c7ba","source":"Embedded","id":"/providers/Microsoft.PowerApps/apis/shared_approvals","tier":"NotSpecified"},"shared_teams":{"connectionName":"shared-teams-4e4f1cba-ef22-4b19-84b6-3230643305eb","source":"Embedded","id":"/providers/Microsoft.PowerApps/apis/shared_teams","tier":"NotSpecified"}},"flowFailureAlertSubscribed":false}}