{"name":"a8cc2884-c9ab-4891-97b4-108e3c813855","id":"/providers/Microsoft.Flow/flows/a8cc2884-c9ab-4891-97b4-108e3c813855","type":"Microsoft.Flow/flows","properties":{"apiId":"/providers/Microsoft.PowerApps/apis/shared_logicflows","displayName":"Perform sentiment analysis on customer feedback survey","definition":{"metadata":{"workflowEntityId":null,"processAdvisorMetadata":null,"flowclientsuspensionreason":"None","flowclientsuspensiontime":null,"creator":{"id":"f9695749-c3c3-4d30-b884-bb4dd913ab47","type":"User","tenantId":"5304a95c-5ee5-4443-8624-7ef70524e648"},"provisioningMethod":"FromDefinition","failureAlertSubscription":true,"clientLastModifiedTime":"2022-04-02T17:09:44.6114901Z"},"$schema":"https://schema.management.azure.com/providers/Microsoft.Logic/schemas/2016-06-01/workflowdefinition.json#","contentVersion":"1.0.0.0","parameters":{"$connections":{"defaultValue":{},"type":"Object"},"$authentication":{"defaultValue":{},"type":"SecureObject"}},"triggers":{"When_a_new_response_is_submitted":{"splitOn":"@triggerOutputs()?['body/value']","metadata":{"operationMetadataId":"696e7080-0098-4272-99de-6fcd09d1019d"},"type":"OpenApiConnectionWebhook","inputs":{"host":{"apiId":"/providers/Microsoft.PowerApps/apis/shared_microsoftforms","connectionName":"shared_microsoftforms","operationId":"CreateFormWebhook"},"parameters":{"form_id":"XKkEU-VeQ0SGJH73BSTmSElXafnDwzBNuIS7TdkTq0dURDMxMENGWlVZOFA0TUQyTzdIQlJIVVJTNi4u"},"authentication":"@parameters('$authentication')"}}},"actions":{"Get_response_details":{"runAfter":{},"metadata":{"operationMetadataId":"a6673e35-442a-421c-9448-35ebabc50df7"},"type":"OpenApiConnection","inputs":{"host":{"apiId":"/providers/Microsoft.PowerApps/apis/shared_microsoftforms","connectionName":"shared_microsoftforms","operationId":"GetFormResponseById"},"parameters":{"form_id":"XKkEU-VeQ0SGJH73BSTmSElXafnDwzBNuIS7TdkTq0dURDMxMENGWlVZOFA0TUQyTzdIQlJIVVJTNi4u","response_id":"@triggerOutputs()?['body/resourceData/responseId']"},"authentication":"@parameters('$authentication')"}},"Detect_the_language_being_used_in_text":{"runAfter":{"Get_response_details":["Succeeded"]},"metadata":{"operationMetadataId":"cde2c092-396b-4e55-b556-eddadf30063f","flowSystemMetadata":{"portalOperationId":"aibuilderpredict_languagedetection","portalOperationGroup":"aibuilder","portalOperationApiDisplayNameOverride":"AI Builder","portalOperationIconOverride":"https://psuxemea.azureedge.net/Content/Images/DesignerOperations/aiBuilder.png","portalOperationBrandColorOverride":"#742775","portalOperationApiTierOverride":"Standard"}},"type":"OpenApiConnection","inputs":{"host":{"apiId":"/providers/Microsoft.PowerApps/apis/shared_commondataserviceforapps","connectionName":"shared_commondataserviceforapps","operationId":"aibuilderpredict_languagedetection"},"parameters":{"item/requestv2/text":"@outputs('Get_response_details')?['body/r14a7c2aebbe0476dae0e92850a93acef']","recordId":"17a6f893-5b0b-4867-8fac-fb2eda9080b2"},"authentication":"@parameters('$authentication')"}},"Apply_to_each":{"foreach":"@outputs('Detect_the_language_being_used_in_text')?['body/responsev2/predictionOutput/results']","actions":{"Analyze_positive_or_negative_sentiment_in_text":{"runAfter":{},"metadata":{"operationMetadataId":"8abff28d-bdc7-46de-8e7c-97418a60601c","flowSystemMetadata":{"portalOperationId":"aibuilderpredict_sentimentanalysis","portalOperationGroup":"aibuilder","portalOperationApiDisplayNameOverride":"AI Builder","portalOperationIconOverride":"https://psuxemea.azureedge.net/Content/Images/DesignerOperations/aiBuilder.png","portalOperationBrandColorOverride":"#742775","portalOperationApiTierOverride":"Standard"}},"type":"OpenApiConnection","inputs":{"host":{"apiId":"/providers/Microsoft.PowerApps/apis/shared_commondataserviceforapps","connectionName":"shared_commondataserviceforapps","operationId":"aibuilderpredict_sentimentanalysis"},"parameters":{"item/requestv2/language":"@items('Apply_to_each')?['language']","item/requestv2/text":"@outputs('Get_response_details')?['body/r14a7c2aebbe0476dae0e92850a93acef']","recordId":"f1c549c2-a97e-47a5-b612-c5c2bab0f163"},"authentication":"@parameters('$authentication')"}},"Add_a_row_into_a_table":{"runAfter":{"Analyze_positive_or_negative_sentiment_in_text":["Succeeded"]},"metadata":{"01BJT5F3EJV4P3B7O72BEJAB52LGGVNVP5":"/Book.xlsx","operationMetadataId":"631b8c0e-bed0-43b0-a26c-3230c3592782","tableId":"{CAF2258E-C344-401B-A8B4-CDED7B417AF7}"},"type":"OpenApiConnection","inputs":{"host":{"apiId":"/providers/Microsoft.PowerApps/apis/shared_excelonlinebusiness","connectionName":"shared_excelonlinebusiness","operationId":"AddRowV2"},"parameters":{"source":"groups/3560aa61-d60d-4993-8842-273a03af202d","drive":"b!YLGQnaQuqEKQBgWn58lllQ1sW95J7OpJhdGxXKJAPwdCD7aCNslsTZC98RQDr8Am","file":"01BJT5F3EJV4P3B7O72BEJAB52LGGVNVP5","table":"{CAF2258E-C344-401B-A8B4-CDED7B417AF7}","item/Date":"@outputs('Get_response_details')?['body/submitDate']","item/FirstName":"@outputs('Get_response_details')?['body/rd8461d975b8b4d5fa973a5c65c8382e9']","item/LastName":"@outputs('Get_response_details')?['body/rd633453d6397475f8ac49429f8ca8e37']","item/Address1":"@outputs('Get_response_details')?['body/re1c1722bf1f24645a92aef7d21047dfd']","item/Address2":"@outputs('Get_response_details')?['body/re771462eadd04a78a21c359f08d589e9']","item/City":"@outputs('Get_response_details')?['body/r12a469910c45474a92bf629c11c60607']","item/State":"@outputs('Get_response_details')?['body/rfac2f213c9e0460798f1b592ee2ed892']","item/ZIP":"@outputs('Get_response_details')?['body/rc454a6ec31764800ab6bfba071b75fcd']","item/Phone":"@outputs('Get_response_details')?['body/rec73a98ec9e4457d9bbafee410a911e0']","item/Email":"@outputs('Get_response_details')?['body/rfc83fad0da9c4f43bc239e33ec9e8ba4']","item/ContactPreference":"@outputs('Get_response_details')?['body/r92a42652a66047ac9d1fc6bd494c23a1']","item/ProductModel":"@outputs('Get_response_details')?['body/r38c61c3f89944084bf807862121ea62e']","item/ProductSerialNumber":"@outputs('Get_response_details')?['body/r874f06d4c82c4bc7bce761cc447b04ba']","item/PurchaseDate":"@outputs('Get_response_details')?['body/r384ab79fda944213b8790b0e359bb9f0']","item/FeedbackValue":"@outputs('Get_response_details')?['body/r14a7c2aebbe0476dae0e92850a93acef']","item/SentimentAnalysisResult":"@outputs('Analyze_positive_or_negative_sentiment_in_text')?['body/responsev2/predictionOutput/result/sentiment']","item/SentimentConfidenceLevel":"@outputs('Analyze_positive_or_negative_sentiment_in_text')?['body/responsev2/predictionOutput/result/documentScores']"},"authentication":"@parameters('$authentication')"}}},"runAfter":{"Detect_the_language_being_used_in_text":["Succeeded"]},"metadata":{"operationMetadataId":"fdfe6abb-5886-4e03-a124-5799f75e25be"},"type":"Foreach"}}},"connectionReferences":{"shared_microsoftforms":{"connectionName":"shared-microsoftform-fc9431dc-3da9-4da1-aa3b-d1ba4e6ec057","source":"Embedded","id":"/providers/Microsoft.PowerApps/apis/shared_microsoftforms","tier":"NotSpecified"},"shared_commondataserviceforapps":{"connectionName":"shared-commondataser-220b7d26-ace7-492b-8fb2-f58f9ec6cd8f","source":"Embedded","id":"/providers/Microsoft.PowerApps/apis/shared_commondataserviceforapps","tier":"NotSpecified"},"shared_excelonlinebusiness":{"connectionName":"shared-excelonlinebu-c1f5678d-241e-485f-8192-97a0c5f99836","source":"Embedded","id":"/providers/Microsoft.PowerApps/apis/shared_excelonlinebusiness","tier":"NotSpecified"}},"flowFailureAlertSubscribed":false}}