{"name":"fed1e6b1-f5db-448f-ac99-1dec6e72307f","id":"/providers/Microsoft.Flow/flows/fed1e6b1-f5db-448f-ac99-1dec6e72307f","type":"Microsoft.Flow/flows","properties":{"apiId":"/providers/Microsoft.PowerApps/apis/shared_logicflows","displayName":"Generate Non-MFA Report","definition":{"metadata":{"workflowEntityId":null,"processAdvisorMetadata":null,"flowclientsuspensionreason":"None","flowclientsuspensiontime":null,"creator":{"id":"f9695749-c3c3-4d30-b884-bb4dd913ab47","type":"User","tenantId":"5304a95c-5ee5-4443-8624-7ef70524e648"},"provisioningMethod":"FromDefinition","failureAlertSubscription":true,"clientLastModifiedTime":"2022-03-29T15:29:33.3586947Z"},"$schema":"https://schema.management.azure.com/providers/Microsoft.Logic/schemas/2016-06-01/workflowdefinition.json#","contentVersion":"1.0.0.0","parameters":{"$connections":{"defaultValue":{},"type":"Object"},"$authentication":{"defaultValue":{},"type":"SecureObject"}},"triggers":{"Recurrence":{"recurrence":{"frequency":"Week","interval":1,"startTime":"2022-03-20T14:00:00.000Z","schedule":{"weekDays":["Monday"]}},"metadata":{"operationMetadataId":"321b4389-23f1-4ddf-9db3-264ea16ba962"},"type":"Recurrence"}},"actions":{"HTTP":{"runAfter":{},"metadata":{"operationMetadataId":"8c389f3f-4c10-4031-8c40-f336486b5be9"},"type":"Http","inputs":{"method":"GET","uri":"https://graph.microsoft.com/beta/reports/credentialUserRegistrationDetails","queries":{"$filter":"isMfaRegistered eq false"},"authentication":{"type":"ActiveDirectoryOAuth","tenant":"5304a95c-5ee5-4443-8624-7ef70524e648","audience":"https://graph.microsoft.com","clientId":"749ca679-0085-4a55-a497-88d0750289b2","secret":"h9X7Q~Q3_4uGVuznmwTCBaOa2OZSeGjbAGQQM"}},"runtimeConfiguration":{"paginationPolicy":{"minimumItemCount":5000}}},"Parse_JSON":{"runAfter":{"HTTP":["Succeeded"]},"metadata":{"operationMetadataId":"84e0cd68-5c63-47c8-8d93-6a754d6308f7"},"type":"ParseJson","inputs":{"content":"@body('HTTP')","schema":{"type":"object","properties":{"value":{"type":"array","items":{"type":"object","properties":{"id":{"type":"string"},"userPrincipalName":{"type":"string"},"userDisplayName":{"type":"string"},"isRegistered":{"type":"boolean"},"isEnabled":{"type":"boolean"},"isCapable":{"type":"boolean"},"isMfaRegistered":{"type":"boolean"},"authMethods":{"type":"array"}},"required":["id","userPrincipalName","userDisplayName","isRegistered","isEnabled","isCapable","isMfaRegistered","authMethods"]}}}}}},"Filter_array":{"runAfter":{"Parse_JSON":["Succeeded"]},"metadata":{"operationMetadataId":"4ee5f821-870b-4c6e-96e0-59447e1a60fd"},"type":"Query","inputs":{"from":"@body('Parse_JSON')?['value']","where":"@not(equals(body('Parse_JSON'), null))"}},"Create_CSV_table":{"runAfter":{"Filter_array":["Succeeded"]},"metadata":{"operationMetadataId":"c030c33e-1955-49e9-a7f5-0865c2c2e9f6"},"type":"Table","inputs":{"from":"@body('Filter_array')","format":"CSV","columns":[{"header":"DisplayName","value":"@item()?['userDisplayName']"},{"header":"Address","value":"@item()?['userPrincipalName']"}]}},"Send_an_email_(V2)":{"runAfter":{"Create_HTML_table":["Succeeded"]},"metadata":{"operationMetadataId":"ed3d9a6a-03ad-4c26-b190-d22ecd76958c"},"type":"OpenApiConnection","inputs":{"host":{"apiId":"/providers/Microsoft.PowerApps/apis/shared_office365","connectionName":"shared_office365","operationId":"SendEmailV2"},"parameters":{"emailMessage/To":"securityteam@learningpowerautomate.onmicrosoft.com","emailMessage/Subject":"Weekly report of users who have not completed MFA registration","emailMessage/Body":"<p>Weekly update for users without MFA enabled.<br>\n</p>","emailMessage/Attachments":[{"Name":"Non-MFA Users.csv","ContentBytes":"@body('Create_CSV_table')"},{"Name":"Non-MFAUsers.html","ContentBytes":"@body('Create_HTML_table')"}],"emailMessage/Importance":"High"},"authentication":"@parameters('$authentication')"}},"Create_HTML_table":{"runAfter":{"Create_CSV_table":["Succeeded"]},"metadata":{"operationMetadataId":"65037d0a-fba9-4087-8704-3efd6918bb0c"},"type":"Table","inputs":{"from":"@body('Filter_array')","format":"HTML"}}}},"connectionReferences":{"shared_office365":{"connectionName":"shared-office365-99f4718d-5677-43ef-8f62-22b11f8bb138","source":"Embedded","id":"/providers/Microsoft.PowerApps/apis/shared_office365","tier":"NotSpecified"}},"flowFailureAlertSubscribed":false}}