{"name":"cebe5e84-64ef-47bb-ae97-bb174bd00f56","id":"/providers/Microsoft.Flow/flows/cebe5e84-64ef-47bb-ae97-bb174bd00f56","type":"Microsoft.Flow/flows","properties":{"apiId":"/providers/Microsoft.PowerApps/apis/shared_logicflows","displayName":"Email from my manager","definition":{"metadata":{"workflowEntityId":null,"processAdvisorMetadata":null,"flowclientsuspensionreason":"None","flowclientsuspensiontime":null,"creator":{"id":"f9695749-c3c3-4d30-b884-bb4dd913ab47","type":"User","tenantId":"5304a95c-5ee5-4443-8624-7ef70524e648"},"provisioningMethod":"FromDefinition","failureAlertSubscription":true,"clientLastModifiedTime":"2022-03-10T06:42:48.3970923Z"},"$schema":"https://schema.management.azure.com/providers/Microsoft.Logic/schemas/2016-06-01/workflowdefinition.json#","contentVersion":"1.0.0.0","parameters":{"$connections":{"defaultValue":{},"type":"Object"},"$authentication":{"defaultValue":{},"type":"SecureObject"}},"triggers":{"When_a_new_email_arrives_(V3)":{"splitOn":"@triggerOutputs()?['body/value']","metadata":{"operationMetadataId":"4b249010-6372-4471-ac22-d4f827109ec8"},"type":"OpenApiConnectionNotification","inputs":{"host":{"apiId":"/providers/Microsoft.PowerApps/apis/shared_office365","connectionName":"shared_office365","operationId":"OnNewEmailV3"},"parameters":{"folderPath":"Inbox","includeAttachments":false,"importance":"Any","fetchOnlyWithAttachment":false},"authentication":"@parameters('$authentication')"}}},"actions":{"Get_my_profile_(V2)":{"runAfter":{},"metadata":{"operationMetadataId":"7f50b2d8-6ec3-4837-a2d4-61c3c8ccb4ea"},"type":"OpenApiConnection","inputs":{"host":{"apiId":"/providers/Microsoft.PowerApps/apis/shared_office365users","connectionName":"shared_office365users","operationId":"MyProfile_V2"},"parameters":{},"authentication":"@parameters('$authentication')"}},"Get_manager_(V2)":{"runAfter":{"Get_my_profile_(V2)":["Succeeded"]},"metadata":{"operationMetadataId":"2f68e43c-6cfc-4093-a5e2-efd7fe67db80"},"type":"OpenApiConnection","inputs":{"host":{"apiId":"/providers/Microsoft.PowerApps/apis/shared_office365users","connectionName":"shared_office365users","operationId":"Manager_V2"},"parameters":{"id":"@outputs('Get_my_profile_(V2)')?['body/userPrincipalName']"},"authentication":"@parameters('$authentication')"}},"Condition":{"actions":{"Send_me_a_mobile_notification":{"runAfter":{},"metadata":{"operationMetadataId":"3338fd30-dff5-4229-8f24-417278f479fd"},"type":"OpenApiConnection","inputs":{"host":{"apiId":"/providers/Microsoft.PowerApps/apis/shared_flowpush","connectionName":"shared_flowpush","operationId":"SendNotification"},"parameters":{"NotificationDefinition/notificationText":"New message from my manager","NotificationDefinition/notificationLink/uri":"https://outlook.office365.com","NotificationDefinition/notificationLink/label":"Open this message"},"authentication":"@parameters('$authentication')"}}},"runAfter":{"Get_manager_(V2)":["Succeeded"]},"expression":{"equals":["@outputs('Get_manager_(V2)')?['body/mail']","@triggerOutputs()?['body/from']"]},"metadata":{"operationMetadataId":"94e58c31-0926-459f-aa3a-db750ab85160"},"type":"If"}}},"connectionReferences":{"shared_office365users":{"connectionName":"shared-office365user-607d032f-af6f-4105-b36e-17839ccd47b5","source":"Embedded","id":"/providers/Microsoft.PowerApps/apis/shared_office365users","tier":"NotSpecified"},"shared_flowpush":{"connectionName":"shared-flowpush-b3bcf472-1460-419a-b307-97cf017f1a3e","source":"Embedded","id":"/providers/Microsoft.PowerApps/apis/shared_flowpush","tier":"NotSpecified"},"shared_office365":{"connectionName":"shared-office365-201cb2b2-b26b-4023-9b21-e7ac8bca510b","source":"Embedded","id":"/providers/Microsoft.PowerApps/apis/shared_office365","tier":"NotSpecified"}},"flowFailureAlertSubscribed":false}}