{"name":"07a77d7c-0ef6-4227-b32e-4e24bb2afcde","id":"/providers/Microsoft.Flow/flows/07a77d7c-0ef6-4227-b32e-4e24bb2afcde","type":"Microsoft.Flow/flows","properties":{"apiId":"/providers/Microsoft.PowerApps/apis/shared_logicflows","displayName":"Expense Reports","definition":{"metadata":{"workflowEntityId":null,"processAdvisorMetadata":null,"flowclientsuspensionreason":"None","flowclientsuspensiontime":null,"creator":{"id":"f9695749-c3c3-4d30-b884-bb4dd913ab47","type":"User","tenantId":"5304a95c-5ee5-4443-8624-7ef70524e648"},"provisioningMethod":"FromDefinition","failureAlertSubscription":true,"clientLastModifiedTime":"2022-03-09T16:27:58.4236076Z"},"$schema":"https://schema.management.azure.com/providers/Microsoft.Logic/schemas/2016-06-01/workflowdefinition.json#","contentVersion":"1.0.0.0","parameters":{"$connections":{"defaultValue":{},"type":"Object"},"$authentication":{"defaultValue":{},"type":"SecureObject"}},"staticResults":{"Copy_file0":{"status":"Succeeded","outputs":{"statusCode":"OK","headers":{}}}},"triggers":{"When_a_new_email_arrives_in_a_shared_mailbox_(V2)":{"recurrence":{"frequency":"Minute","interval":1},"splitOn":"@triggerOutputs()?['body/value']","metadata":{"operationMetadataId":"5c715fd6-784e-429b-8481-54fe863d5514"},"type":"OpenApiConnection","inputs":{"host":{"apiId":"/providers/Microsoft.PowerApps/apis/shared_office365","connectionName":"shared_office365","operationId":"SharedMailboxOnNewEmailV2"},"parameters":{"mailboxAddress":"expensereportdocs@learningpowerautomate.onmicrosoft.com;","folderId":"Inbox","importance":"Any","hasAttachments":true,"includeAttachments":true,"subjectFilter":"expense report"},"authentication":"@parameters('$authentication')"}}},"actions":{"Apply_to_each":{"foreach":"@triggerOutputs()?['body/attachments']","actions":{"Create_file":{"runAfter":{},"metadata":{"operationMetadataId":"7cc3df4e-dd57-4bd4-8ec4-4a69aa83b4a9"},"type":"OpenApiConnection","inputs":{"host":{"apiId":"/providers/Microsoft.PowerApps/apis/shared_sharepointonline","connectionName":"shared_sharepointonline","operationId":"CreateFile"},"parameters":{"dataset":"https://learningpowerautomate.sharepoint.com/sites/ExpenseReports","folderPath":"/Shared Documents/@{triggerOutputs()?['body/from']}","name":"@items('Apply_to_each')?['name']","body":"@items('Apply_to_each')?['contentBytes']"},"authentication":"@parameters('$authentication')"},"runtimeConfiguration":{"contentTransfer":{"transferMode":"Chunked"}}},"Create_new_folder":{"runAfter":{"Create_file":["Succeeded"]},"metadata":{"operationMetadataId":"1f0bc348-a5bb-4872-8e7d-12477c9f7b07"},"type":"OpenApiConnection","inputs":{"host":{"apiId":"/providers/Microsoft.PowerApps/apis/shared_sharepointonline","connectionName":"shared_sharepointonline","operationId":"CreateNewFolder"},"parameters":{"dataset":"https://learningpowerautomate.sharepoint.com/sites/Docucenter","table":"82b60f42-c936-4d6c-90bd-f11403afc026","parameters/path":"Archive/@{formatDateTime(triggerOutputs()?['body/receivedDateTime'],'yyyy-MM-dd')}"},"authentication":"@parameters('$authentication')"}},"Copy_file":{"runAfter":{"Create_new_folder":["Succeeded"]},"metadata":{"operationMetadataId":"af182a7a-8147-4245-86a4-10dd7f1cc55b"},"type":"OpenApiConnection","inputs":{"host":{"apiId":"/providers/Microsoft.PowerApps/apis/shared_sharepointonline","connectionName":"shared_sharepointonline","operationId":"CopyFileAsync"},"parameters":{"dataset":"https://learningpowerautomate.sharepoint.com/sites/expensereports","parameters/sourceFileId":"@outputs('Create_file')?['body/Id']","parameters/destinationDataset":"https://learningpowerautomate.sharepoint.com/sites/Docucenter","parameters/destinationFolderPath":"@{outputs('Create_new_folder')?['body/{Path}']}@{outputs('Create_new_folder')?['body/{Name}']}","parameters/nameConflictBehavior":2},"authentication":"@parameters('$authentication')"},"runtimeConfiguration":{"staticResult":{"staticResultOptions":"Disabled","name":"Copy_file0"}}}},"runAfter":{},"metadata":{"operationMetadataId":"146f4847-136f-462d-8a07-a621270a23db"},"type":"Foreach"},"Mark_as_read_or_unread_(V3)":{"runAfter":{"Apply_to_each":["Succeeded"]},"metadata":{"operationMetadataId":"96d00c5a-dc0b-4ccd-94a1-721b4b3f811a"},"type":"OpenApiConnection","inputs":{"host":{"apiId":"/providers/Microsoft.PowerApps/apis/shared_office365","connectionName":"shared_office365","operationId":"MarkAsRead_V3"},"parameters":{"messageId":"@triggerOutputs()?['body/id']","mailboxAddress":"expensereportdocs@learningpowerautomate.onmicrosoft.com;","body/isRead":true},"authentication":"@parameters('$authentication')"}},"Flag_email_(V2)":{"runAfter":{"Mark_as_read_or_unread_(V3)":["Succeeded"]},"metadata":{"operationMetadataId":"fa508bed-94d1-4fa8-9b9b-9abd7e1166ab"},"type":"OpenApiConnection","inputs":{"host":{"apiId":"/providers/Microsoft.PowerApps/apis/shared_office365","connectionName":"shared_office365","operationId":"Flag_V2"},"parameters":{"messageId":"@triggerOutputs()?['body/id']","mailboxAddress":"expensereportdocs@learningpowerautomate.onmicrosoft.com","body/flag/flagStatus":"complete"},"authentication":"@parameters('$authentication')"}},"Send_an_email_from_a_shared_mailbox_(V2)":{"runAfter":{"Flag_email_(V2)":["Succeeded"]},"metadata":{"operationMetadataId":"4b2af9dc-67cf-427f-b997-8fa30c090995"},"type":"OpenApiConnection","inputs":{"host":{"apiId":"/providers/Microsoft.PowerApps/apis/shared_office365","connectionName":"shared_office365","operationId":"SharedMailboxSendEmailV2"},"parameters":{"emailMessage/MailboxAddress":"expensereportdocs@learningpowerautomate.onmicrosoft.com","emailMessage/To":"@triggerOutputs()?['body/from']","emailMessage/Subject":"Expense report submission from @{triggerOutputs()?['body/from']}has been received","emailMessage/Body":"<p>This is to inform you that we have received your expense report submission via email.</p>"},"authentication":"@parameters('$authentication')"}}}},"connectionReferences":{"shared_sharepointonline":{"connectionName":"shared-sharepointonl-1d795710-595d-46cc-8589-8394f06d83a0","source":"Embedded","id":"/providers/Microsoft.PowerApps/apis/shared_sharepointonline","tier":"NotSpecified"},"shared_office365":{"connectionName":"shared-office365-201cb2b2-b26b-4023-9b21-e7ac8bca510b","source":"Embedded","id":"/providers/Microsoft.PowerApps/apis/shared_office365","tier":"NotSpecified"}},"flowFailureAlertSubscribed":false}}