{"name":"69a2d9f5-22d6-40b5-a278-ed8fd96af591","id":"/providers/Microsoft.Flow/flows/69a2d9f5-22d6-40b5-a278-ed8fd96af591","type":"Microsoft.Flow/flows","properties":{"apiId":"/providers/Microsoft.PowerApps/apis/shared_logicflows","displayName":"Monitor Twitter","definition":{"metadata":{"workflowEntityId":null,"processAdvisorMetadata":null,"flowclientsuspensionreason":"None","flowclientsuspensiontime":null,"creator":{"id":"f9695749-c3c3-4d30-b884-bb4dd913ab47","type":"User","tenantId":"5304a95c-5ee5-4443-8624-7ef70524e648"},"provisioningMethod":"FromDefinition","failureAlertSubscription":true,"clientLastModifiedTime":"2022-03-12T20:41:16.5437505Z"},"$schema":"https://schema.management.azure.com/providers/Microsoft.Logic/schemas/2016-06-01/workflowdefinition.json#","contentVersion":"1.0.0.0","parameters":{"$connections":{"defaultValue":{},"type":"Object"},"$authentication":{"defaultValue":{},"type":"SecureObject"}},"triggers":{"When_a_new_tweet_is_posted":{"recurrence":{"frequency":"Minute","interval":1},"splitOn":"@triggerOutputs()?['body/value']","metadata":{"operationMetadataId":"f5f0fd63-f4ca-4cbe-b6fd-31c53cca281d"},"type":"OpenApiConnection","inputs":{"host":{"apiId":"/providers/Microsoft.PowerApps/apis/shared_twitter","connectionName":"shared_twitter","operationId":"OnNewTweet"},"parameters":{"searchQuery":"#learningpowerautomate"},"authentication":"@parameters('$authentication')"}}},"actions":{"Condition":{"actions":{"Post_message_in_a_chat_or_channel":{"runAfter":{},"metadata":{"operationMetadataId":"4c76f9f7-4e6c-482d-a7b9-63b5dc68f2df"},"type":"OpenApiConnection","inputs":{"host":{"apiId":"/providers/Microsoft.PowerApps/apis/shared_teams","connectionName":"shared_teams","operationId":"PostMessageToConversation"},"parameters":{"poster":"Flow bot","location":"Channel","body/recipient/groupId":"1e43fa02-ddee-433d-976c-ef5168993723","body/recipient/channelId":"19:aa4eb8e88e2a47a9a816001f186b4d7e@thread.tacv2","body/messageBody":"<p>Check out this new tweet from @{triggerOutputs()?['body/TweetedBy']}:<br>\n@{triggerOutputs()?['body/TweetText']}</p>"},"authentication":"@parameters('$authentication')"}}},"runAfter":{},"expression":{"and":[{"or":[{"equals":["@triggerOutputs()?['body/TweetLanguageCode']","en"]},{"equals":["@triggerOutputs()?['body/TweetLanguageCode']","es"]}]},{"or":[{"greaterOrEquals":["@triggerOutputs()?['body/UserDetails/FollowersCount']",100]},{"greaterOrEquals":["@triggerOutputs()?['body/UserDetails/FavouritesCount']",100]}]}]},"metadata":{"operationMetadataId":"5193cb3d-7954-45aa-be1c-17f8df019d82"},"type":"If"}}},"connectionReferences":{"shared_teams":{"connectionName":"shared-teams-4e4f1cba-ef22-4b19-84b6-3230643305eb","source":"Embedded","id":"/providers/Microsoft.PowerApps/apis/shared_teams","tier":"NotSpecified"},"shared_twitter":{"connectionName":"shared-twitter-13a4cc39-9534-4bd7-854a-3183151f4bfd","source":"Embedded","id":"/providers/Microsoft.PowerApps/apis/shared_twitter","tier":"NotSpecified"}},"flowFailureAlertSubscribed":false}}