{"name":"cab49213-b703-46fb-bdb5-c31c112ad05f","id":"/providers/Microsoft.Flow/flows/cab49213-b703-46fb-bdb5-c31c112ad05f","type":"Microsoft.Flow/flows","properties":{"apiId":"/providers/Microsoft.PowerApps/apis/shared_logicflows","displayName":"Test SQL Data Insertion","definition":{"metadata":{"workflowEntityId":null,"processAdvisorMetadata":null,"flowclientsuspensionreason":"None","flowclientsuspensiontime":null,"creator":{"id":"f9695749-c3c3-4d30-b884-bb4dd913ab47","type":"User","tenantId":"5304a95c-5ee5-4443-8624-7ef70524e648"},"provisioningMethod":"FromDefinition","failureAlertSubscription":true,"clientLastModifiedTime":"2022-03-14T17:18:07.8742549Z"},"$schema":"https://schema.management.azure.com/providers/Microsoft.Logic/schemas/2016-06-01/workflowdefinition.json#","contentVersion":"1.0.0.0","parameters":{"$connections":{"defaultValue":{},"type":"Object"},"$authentication":{"defaultValue":{},"type":"SecureObject"}},"triggers":{"manual":{"metadata":{"operationMetadataId":"80f5b832-675a-4f1e-b800-e4312677818c"},"type":"Request","kind":"Button","inputs":{"schema":{"type":"object","properties":{},"required":[]}}}},"actions":{"Insert_row_(V2)":{"runAfter":{},"metadata":{"operationMetadataId":"8262a648-c58b-4128-9910-8a1c0a6c578b"},"type":"OpenApiConnection","inputs":{"host":{"apiId":"/providers/Microsoft.PowerApps/apis/shared_sql","connectionName":"shared_sql","operationId":"PostItem_V2"},"parameters":{"server":"default","database":"default","table":"[dbo].[Customers]","item/CompanyName":"Fabrikam","item/FirstName":"Dan","item/LastName":"Jump","item/JobTitle":"IT Manager","item/Mail":"djump@fabrikam.com","item/TelephoneNumber":"4255551212"},"authentication":{"value":"@json(decodeBase64(triggerOutputs().headers['X-MS-APIM-Tokens']))['$ConnectionKey']","type":"Raw"}}}}},"connectionReferences":{"shared_sql":{"connectionName":"c4e24a31739f4a36b8ed41fbb70a4496","source":"Invoker","id":"/providers/Microsoft.PowerApps/apis/shared_sql","tier":"NotSpecified"}},"flowFailureAlertSubscribed":false}}