{"name":"c14bb61d-db0d-4537-9866-3709d9c7a9e6","id":"/providers/Microsoft.Flow/flows/c14bb61d-db0d-4537-9866-3709d9c7a9e6","type":"Microsoft.Flow/flows","properties":{"apiId":"/providers/Microsoft.PowerApps/apis/shared_logicflows","displayName":"Vacation Approval","definition":{"metadata":{"workflowEntityId":null,"processAdvisorMetadata":null,"flowclientsuspensionreason":"None","flowclientsuspensiontime":null,"creator":{"id":"f9695749-c3c3-4d30-b884-bb4dd913ab47","type":"User","tenantId":"5304a95c-5ee5-4443-8624-7ef70524e648"},"provisioningMethod":"FromDefinition","failureAlertSubscription":true,"clientLastModifiedTime":"2022-03-14T23:53:02.3956361Z"},"$schema":"https://schema.management.azure.com/providers/Microsoft.Logic/schemas/2016-06-01/workflowdefinition.json#","contentVersion":"1.0.0.0","parameters":{"$connections":{"defaultValue":{},"type":"Object"},"$authentication":{"defaultValue":{},"type":"SecureObject"}},"triggers":{"When_an_item_is_created":{"recurrence":{"frequency":"Minute","interval":1},"splitOn":"@triggerOutputs()?['body/value']","metadata":{"operationMetadataId":"c0d08faf-9d74-4955-a342-204e627a1343"},"type":"OpenApiConnection","inputs":{"host":{"apiId":"/providers/Microsoft.PowerApps/apis/shared_sharepointonline","connectionName":"shared_sharepointonline","operationId":"GetOnNewItems"},"parameters":{"dataset":"https://learningpowerautomate.sharepoint.com/sites/VacationRequests","table":"83c0ba8d-8aab-40e1-9d06-e4dc725e9fd9"},"authentication":"@parameters('$authentication')"}}},"actions":{"Get_my_profile_(V2)":{"runAfter":{},"metadata":{"operationMetadataId":"094a69ae-6839-4b95-979e-b0da9e512bcd"},"type":"OpenApiConnection","inputs":{"host":{"apiId":"/providers/Microsoft.PowerApps/apis/shared_office365users","connectionName":"shared_office365users","operationId":"MyProfile_V2"},"parameters":{},"authentication":"@parameters('$authentication')"}},"Get_manager_(V2)":{"runAfter":{"Get_my_profile_(V2)":["Succeeded"]},"metadata":{"operationMetadataId":"c1724969-fa20-41f1-9410-ae1f63d91b9d"},"type":"OpenApiConnection","inputs":{"host":{"apiId":"/providers/Microsoft.PowerApps/apis/shared_office365users","connectionName":"shared_office365users","operationId":"Manager_V2"},"parameters":{"id":"@outputs('Get_my_profile_(V2)')?['body/userPrincipalName']"},"authentication":"@parameters('$authentication')"}},"Start_and_wait_for_an_approval":{"runAfter":{"Get_manager_(V2)":["Succeeded"]},"metadata":{"operationMetadataId":"ef2a1ea5-daa7-4359-9861-bd1c5636b2a2"},"type":"OpenApiConnectionWebhook","inputs":{"host":{"apiId":"/providers/Microsoft.PowerApps/apis/shared_approvals","connectionName":"shared_approvals","operationId":"StartAndWaitForAnApproval"},"parameters":{"approvalType":"CustomResponse","WebhookApprovalCreationInput/responseOptions":["Approve","Deny"],"WebhookApprovalCreationInput/title":"Vacation Request for @{outputs('Get_my_profile_(V2)')?['body/displayName']}","WebhookApprovalCreationInput/assignedTo":"@{outputs('Get_manager_(V2)')?['body/mail']};","WebhookApprovalCreationInput/itemLink":"@triggerOutputs()?['body/ID']","WebhookApprovalCreationInput/enableNotifications":true,"WebhookApprovalCreationInput/enableReassignment":true},"authentication":"@parameters('$authentication')"}},"Apply_to_each":{"foreach":"@outputs('Start_and_wait_for_an_approval')?['body/responses']","actions":{"Condition":{"actions":{"Update_item":{"runAfter":{},"metadata":{"operationMetadataId":"45634fef-096e-495e-97cc-f0928e0ec874"},"type":"OpenApiConnection","inputs":{"host":{"apiId":"/providers/Microsoft.PowerApps/apis/shared_sharepointonline","connectionName":"shared_sharepointonline","operationId":"PatchItem"},"parameters":{"dataset":"https://learningpowerautomate.sharepoint.com/sites/VacationRequests","table":"83c0ba8d-8aab-40e1-9d06-e4dc725e9fd9","id":"@triggerOutputs()?['body/ID']","item/Title":"@triggerOutputs()?['body/Title']","item/Status/Value":"Approved"},"authentication":"@parameters('$authentication')"}},"Create_a_group_event_(V2)":{"runAfter":{"Update_item":["Succeeded"]},"metadata":{"operationMetadataId":"eab10c27-988b-4eae-9967-221ae83a7002"},"type":"OpenApiConnection","inputs":{"host":{"apiId":"/providers/Microsoft.PowerApps/apis/shared_office365groups","connectionName":"shared_office365groups","operationId":"CreateCalendarEventV2"},"parameters":{"groupId":"f29763e7-3ff0-4be8-b5eb-7ab6c26d4682","body/subject":"@{triggerOutputs()?['body/Author/DisplayName']} - Time Away","body/start/dateTime":"@outputs('Update_item')?['body/From']","body/end/dateTime":"@outputs('Update_item')?['body/To']","body/isAllDay":true,"body/showAs":"Free","body/responseRequested":false},"authentication":"@parameters('$authentication')"}}},"runAfter":{},"else":{"actions":{"Update_item_2":{"runAfter":{},"metadata":{"operationMetadataId":"235e34e3-92c0-4e1a-8402-20809566d59a"},"type":"OpenApiConnection","inputs":{"host":{"apiId":"/providers/Microsoft.PowerApps/apis/shared_sharepointonline","connectionName":"shared_sharepointonline","operationId":"PatchItem"},"parameters":{"dataset":"https://learningpowerautomate.sharepoint.com/sites/VacationRequests","table":"83c0ba8d-8aab-40e1-9d06-e4dc725e9fd9","id":"@triggerOutputs()?['body/ID']","item/Title":"@triggerOutputs()?['body/Title']","item/Status/Value":"Denied"},"authentication":"@parameters('$authentication')"}}}},"expression":{"equals":["@outputs('Start_and_wait_for_an_approval')?['body/outcome']","Approve"]},"metadata":{"operationMetadataId":"981043e5-bff5-45f8-a0e4-1548bfcb07d4"},"type":"If"}},"runAfter":{"Start_and_wait_for_an_approval":["Succeeded"]},"metadata":{"operationMetadataId":"6b7d06ad-f19e-484d-a418-1ac3b4a58a29"},"type":"Foreach"}}},"connectionReferences":{"shared_sharepointonline":{"connectionName":"shared-sharepointonl-1d795710-595d-46cc-8589-8394f06d83a0","source":"Embedded","id":"/providers/Microsoft.PowerApps/apis/shared_sharepointonline","tier":"NotSpecified"},"shared_office365users":{"connectionName":"shared-office365user-607d032f-af6f-4105-b36e-17839ccd47b5","source":"Embedded","id":"/providers/Microsoft.PowerApps/apis/shared_office365users","tier":"NotSpecified"},"shared_approvals":{"connectionName":"shared-approvals-8d170f3b-4ac2-4987-ad76-c6b5ff89c7ba","source":"Embedded","id":"/providers/Microsoft.PowerApps/apis/shared_approvals","tier":"NotSpecified"},"shared_office365groups":{"connectionName":"shared-office365grou-b022e373-385f-4115-b4f1-592c973cd9c6","source":"Embedded","id":"/providers/Microsoft.PowerApps/apis/shared_office365groups","tier":"NotSpecified"}},"flowFailureAlertSubscribed":false}}