{"name":"81cc59ac-b6b6-4c0d-aaff-6031d4260ddd","id":"/providers/Microsoft.Flow/flows/81cc59ac-b6b6-4c0d-aaff-6031d4260ddd","type":"Microsoft.Flow/flows","properties":{"apiId":"/providers/Microsoft.PowerApps/apis/shared_logicflows","displayName":"Favorite Things","definition":{"metadata":{"workflowEntityId":null,"processAdvisorMetadata":null,"flowclientsuspensionreason":"None","flowclientsuspensiontime":null,"creator":{"id":"f9695749-c3c3-4d30-b884-bb4dd913ab47","type":"User","tenantId":"5304a95c-5ee5-4443-8624-7ef70524e648"},"provisioningMethod":"FromDefinition","failureAlertSubscription":true,"clientLastModifiedTime":"2022-03-14T00:10:03.1758395Z"},"$schema":"https://schema.management.azure.com/providers/Microsoft.Logic/schemas/2016-06-01/workflowdefinition.json#","contentVersion":"1.0.0.0","parameters":{"$connections":{"defaultValue":{},"type":"Object"},"$authentication":{"defaultValue":{},"type":"SecureObject"}},"triggers":{"manual":{"metadata":{"operationMetadataId":"f1c74394-9ad2-42d0-812b-2db0ebd0b549"},"type":"Request","kind":"Button","inputs":{"schema":{"type":"object","properties":{"text":{"title":"Name","type":"string","x-ms-dynamically-added":true,"description":"Please enter your name","x-ms-content-hint":"TEXT"},"email":{"title":"Email","type":"string","format":"email","x-ms-dynamically-added":true,"description":"Please enter your e-mail address","x-ms-content-hint":"EMAIL"},"file":{"title":"Picture","type":"object","x-ms-dynamically-added":true,"description":"Please select file or image","x-ms-content-hint":"FILE","properties":{"name":{"type":"string"},"contentBytes":{"type":"string","format":"byte"}}},"boolean":{"title":"Yes/No","type":"boolean","x-ms-dynamically-added":true,"description":"Haev you eaten it in the last week?","x-ms-content-hint":"BOOLEAN"},"number":{"title":"Number","type":"number","x-ms-dynamically-added":true,"description":"Please enter the number of times per month you normally eat it","x-ms-content-hint":"NUMBER"},"date":{"title":"Today's Date","type":"string","format":"date","x-ms-dynamically-added":true,"description":"Please enter today's date","x-ms-content-hint":"DATE"},"key-button-date":{"title":"Date","type":"string","x-ms-dynamically-added":false}},"required":["text","email","file","boolean","number","date","key-button-date"]}}}},"actions":{"Create_item":{"runAfter":{},"metadata":{"operationMetadataId":"c576fcbf-152f-4085-81eb-6fa058383bee"},"type":"OpenApiConnection","inputs":{"host":{"apiId":"/providers/Microsoft.PowerApps/apis/shared_sharepointonline","connectionName":"shared_sharepointonline","operationId":"PostItem"},"parameters":{"dataset":"https://learningpowerautomate.sharepoint.com/sites/FavoriteThings","table":"be25e2fb-5525-4e2a-b8b3-74041dabdb82","item/Title":"@triggerBody()['text']","item/EmailAddress":"@triggerBody()['email']","item/Eateninthelastweek_x003f_":"@triggerBody()['boolean']","item/Howmanytimesamonthdoyoueatit":"@triggerBody()['number']","item/Todaysdate":"@triggerBody()['key-button-date']"},"authentication":{"value":"@json(decodeBase64(triggerOutputs().headers['X-MS-APIM-Tokens']))['$ConnectionKey']","type":"Raw"}}},"Add_attachment":{"runAfter":{"Create_item":["Succeeded"]},"metadata":{"operationMetadataId":"29883573-95dd-430d-a41e-8d4797eff51c"},"type":"OpenApiConnection","inputs":{"host":{"apiId":"/providers/Microsoft.PowerApps/apis/shared_sharepointonline","connectionName":"shared_sharepointonline","operationId":"CreateAttachment"},"parameters":{"dataset":"https://learningpowerautomate.sharepoint.com/sites/FavoriteThings","table":"be25e2fb-5525-4e2a-b8b3-74041dabdb82","itemId":"@outputs('Create_item')?['body/ID']","displayName":"FavoriteThing.jpg","body":"@triggerBody()['file']['contentBytes']"},"authentication":{"value":"@json(decodeBase64(triggerOutputs().headers['X-MS-APIM-Tokens']))['$ConnectionKey']","type":"Raw"}}},"Send_an_email_(V2)":{"runAfter":{"Add_attachment":["Succeeded"]},"metadata":{"operationMetadataId":"59870932-965e-4387-8eda-f34374206360"},"type":"OpenApiConnection","inputs":{"host":{"apiId":"/providers/Microsoft.PowerApps/apis/shared_office365","connectionName":"shared_office365","operationId":"SendEmailV2"},"parameters":{"emailMessage/To":"@triggerBody()['email']","emailMessage/Subject":"Thank you for your favorite food submission!","emailMessage/Body":"<p>Thanks for telling us about your favorite food!</p>"},"authentication":{"value":"@json(decodeBase64(triggerOutputs().headers['X-MS-APIM-Tokens']))['$ConnectionKey']","type":"Raw"}}}}},"connectionReferences":{"shared_sharepointonline":{"connectionName":"shared-sharepointonl-1d795710-595d-46cc-8589-8394f06d83a0","source":"Invoker","id":"/providers/Microsoft.PowerApps/apis/shared_sharepointonline","tier":"NotSpecified"},"shared_office365":{"connectionName":"shared-office365-201cb2b2-b26b-4023-9b21-e7ac8bca510b","source":"Invoker","id":"/providers/Microsoft.PowerApps/apis/shared_office365","tier":"NotSpecified"}},"flowFailureAlertSubscribed":false}}