{"name":"8b62ca7d-1675-47b7-8229-57d770a5df99","id":"/providers/Microsoft.Flow/flows/8b62ca7d-1675-47b7-8229-57d770a5df99","type":"Microsoft.Flow/flows","properties":{"apiId":"/providers/Microsoft.PowerApps/apis/shared_logicflows","displayName":"Customer Survey","definition":{"metadata":{"workflowEntityId":null,"processAdvisorMetadata":null,"flowclientsuspensionreason":"None","flowclientsuspensiontime":null,"creator":{"id":"f9695749-c3c3-4d30-b884-bb4dd913ab47","type":"User","tenantId":"5304a95c-5ee5-4443-8624-7ef70524e648"},"provisioningMethod":"FromDefinition","failureAlertSubscription":true,"clientLastModifiedTime":"2022-03-14T18:18:41.375437Z"},"$schema":"https://schema.management.azure.com/providers/Microsoft.Logic/schemas/2016-06-01/workflowdefinition.json#","contentVersion":"1.0.0.0","parameters":{"$connections":{"defaultValue":{},"type":"Object"},"$authentication":{"defaultValue":{},"type":"SecureObject"}},"triggers":{"When_a_new_response_is_submitted":{"splitOn":"@triggerOutputs()?['body/value']","metadata":{"operationMetadataId":"5f65e2e5-aea1-4891-83f5-6a9f80b6c48e"},"type":"OpenApiConnectionWebhook","inputs":{"host":{"apiId":"/providers/Microsoft.PowerApps/apis/shared_microsoftforms","connectionName":"shared_microsoftforms","operationId":"CreateFormWebhook"},"parameters":{"form_id":"XKkEU-VeQ0SGJH73BSTmSElXafnDwzBNuIS7TdkTq0dUME5KRjNTMlBMWDY4QUdMWVdIUlRHSUE1MS4u"},"authentication":"@parameters('$authentication')"}}},"actions":{"Get_response_details":{"runAfter":{},"metadata":{"operationMetadataId":"2f8fe941-fe36-4fb5-894a-478f49e4ded2"},"type":"OpenApiConnection","inputs":{"host":{"apiId":"/providers/Microsoft.PowerApps/apis/shared_microsoftforms","connectionName":"shared_microsoftforms","operationId":"GetFormResponseById"},"parameters":{"form_id":"XKkEU-VeQ0SGJH73BSTmSElXafnDwzBNuIS7TdkTq0dUME5KRjNTMlBMWDY4QUdMWVdIUlRHSUE1MS4u","response_id":"@triggerOutputs()?['body/resourceData/responseId']"},"authentication":"@parameters('$authentication')"}},"Insert_row_(V2)":{"runAfter":{"Get_response_details":["Succeeded"]},"metadata":{"operationMetadataId":"55dac79b-8462-412c-b218-5a6845bdb4fe"},"type":"OpenApiConnection","inputs":{"host":{"apiId":"/providers/Microsoft.PowerApps/apis/shared_sql","connectionName":"shared_sql","operationId":"PostItem_V2"},"parameters":{"server":"default","database":"default","table":"[dbo].[Customers]","item/CompanyName":"@outputs('Get_response_details')?['body/r6672bad296874f2a897f7d8efa7bb676']","item/FirstName":"@outputs('Get_response_details')?['body/r6a4188b9ab2448fd9e7b2c47934ee5f9']","item/LastName":"@outputs('Get_response_details')?['body/r4c7033e860204d72a83912feee515d71']","item/JobTitle":"@outputs('Get_response_details')?['body/r5120e357c25d4f788192644688d1b8ff']","item/Mail":"@outputs('Get_response_details')?['body/r35164cfe8b08447f9084c128f35c929a']","item/TelephoneNumber":"@outputs('Get_response_details')?['body/rbcc46500e0cd4cfb817822f1086be2ae']"},"authentication":"@parameters('$authentication')"}}}},"connectionReferences":{"shared_microsoftforms":{"connectionName":"shared-microsoftform-fc9431dc-3da9-4da1-aa3b-d1ba4e6ec057","source":"Embedded","id":"/providers/Microsoft.PowerApps/apis/shared_microsoftforms","tier":"NotSpecified"},"shared_sql":{"connectionName":"c4e24a31739f4a36b8ed41fbb70a4496","source":"Embedded","id":"/providers/Microsoft.PowerApps/apis/shared_sql","tier":"NotSpecified"}},"flowFailureAlertSubscribed":false}}