{"name":"4916deb4-e2b6-4526-a46e-24e5b760ebb4","id":"/providers/Microsoft.Flow/flows/4916deb4-e2b6-4526-a46e-24e5b760ebb4","type":"Microsoft.Flow/flows","properties":{"apiId":"/providers/Microsoft.PowerApps/apis/shared_logicflows","displayName":"Purchase Order Request Two-Stage Approval","definition":{"metadata":{"workflowEntityId":null,"processAdvisorMetadata":null,"flowclientsuspensionreason":"None","flowclientsuspensiontime":null,"creator":{"id":"f9695749-c3c3-4d30-b884-bb4dd913ab47","type":"User","tenantId":"5304a95c-5ee5-4443-8624-7ef70524e648"},"provisioningMethod":"FromDefinition","failureAlertSubscription":true,"clientLastModifiedTime":"2022-03-16T00:31:17.63694Z"},"$schema":"https://schema.management.azure.com/providers/Microsoft.Logic/schemas/2016-06-01/workflowdefinition.json#","contentVersion":"1.0.0.0","parameters":{"$connections":{"defaultValue":{},"type":"Object"},"$authentication":{"defaultValue":{},"type":"SecureObject"}},"triggers":{"When_an_item_is_created_-_SharePoint_List":{"recurrence":{"frequency":"Minute","interval":1},"splitOn":"@triggerOutputs()?['body/value']","metadata":{"operationMetadataId":"b0da1ec2-292c-414c-ac3b-7c1fab0d7b25"},"type":"OpenApiConnection","inputs":{"host":{"apiId":"/providers/Microsoft.PowerApps/apis/shared_sharepointonline","connectionName":"shared_sharepointonline","operationId":"GetOnNewItems"},"parameters":{"dataset":"https://learningpowerautomate.sharepoint.com/sites/PurchaseOrder","table":"de1ec03d-1ea7-459d-b7df-2b3fa2899805"},"authentication":"@parameters('$authentication')"}}},"actions":{"Get_manager_(V2)_of_SharePoint_List_Item_Creator":{"runAfter":{},"metadata":{"operationMetadataId":"3d1643d9-3ad0-4aad-90f4-79cf146ef533"},"type":"OpenApiConnection","inputs":{"host":{"apiId":"/providers/Microsoft.PowerApps/apis/shared_office365users","connectionName":"shared_office365users","operationId":"Manager_V2"},"parameters":{"id":"@triggerOutputs()?['body/Author/Email']"},"authentication":"@parameters('$authentication')"}},"Evaluate_Purchase_Amount":{"actions":{"Update_item":{"runAfter":{},"metadata":{"operationMetadataId":"5429f062-2794-4763-b41b-4b2ac886fe4a"},"type":"OpenApiConnection","inputs":{"host":{"apiId":"/providers/Microsoft.PowerApps/apis/shared_sharepointonline","connectionName":"shared_sharepointonline","operationId":"PatchItem"},"parameters":{"dataset":"https://learningpowerautomate.sharepoint.com/sites/PurchaseOrder","table":"de1ec03d-1ea7-459d-b7df-2b3fa2899805","id":"@triggerOutputs()?['body/ID']","item/Title":"@triggerOutputs()?['body/Title']","item/PurchaseAmount":"@triggerOutputs()?['body/PurchaseAmount']","item/Pre_x002d_approvalrequied":true,"item/Pre_x002d_approved":false,"item/Approved":false},"authentication":"@parameters('$authentication')"}},"Create_the_Stage_1_Approval":{"runAfter":{"Update_item":["Succeeded"]},"metadata":{"operationMetadataId":"538c9a0c-8676-4b25-9ead-c2b5cb19414b"},"type":"OpenApiConnectionWebhook","inputs":{"host":{"apiId":"/providers/Microsoft.PowerApps/apis/shared_approvals","connectionName":"shared_approvals","operationId":"StartAndWaitForAnApproval"},"parameters":{"approvalType":"Basic","WebhookApprovalCreationInput/title":"@triggerOutputs()?['body/Title']","WebhookApprovalCreationInput/assignedTo":"@{outputs('Get_manager_(V2)_of_SharePoint_List_Item_Creator')?['body/mail']};","WebhookApprovalCreationInput/itemLink":"@outputs('Update_item')?['body/{Link}']","WebhookApprovalCreationInput/enableNotifications":true,"WebhookApprovalCreationInput/enableReassignment":true},"authentication":"@parameters('$authentication')"}}},"runAfter":{"Initialize_variable":["Succeeded"]},"else":{"actions":{"Create_a_single_stage_approval":{"runAfter":{},"metadata":{"operationMetadataId":"7a190069-a452-46dd-90b4-3a27b8b4eb7f"},"type":"OpenApiConnection","inputs":{"host":{"apiId":"/providers/Microsoft.PowerApps/apis/shared_approvals","connectionName":"shared_approvals","operationId":"CreateAnApproval"},"parameters":{"approvalType":"Basic","ApprovalCreationInput/title":"@triggerOutputs()?['body/Title']","ApprovalCreationInput/assignedTo":"@{outputs('Get_manager_(V2)_of_SharePoint_List_Item_Creator')?['body/mail']};","ApprovalCreationInput/itemLink":"@triggerOutputs()?['body/{Link}']","ApprovalCreationInput/requestor":"@{triggerOutputs()?['body/Createdby/Email']};","ApprovalCreationInput/enableNotifications":true,"ApprovalCreationInput/enableReassignment":true},"authentication":"@parameters('$authentication')"}},"Terminate":{"runAfter":{"Create_a_single_stage_approval":["Succeeded"]},"metadata":{"operationMetadataId":"bf2f521a-64ba-4c23-8834-9fba9035c3d3"},"type":"Terminate","inputs":{"runStatus":"Succeeded"}}}},"expression":{"greater":["@triggerOutputs()?['body/PurchaseAmount']",1000]},"metadata":{"operationMetadataId":"8e0d888e-fbe9-445c-8c71-c425d0e4520b"},"type":"If"},"Evaluate_Stage_2_Approval_Condition":{"actions":{"Update_item_4":{"runAfter":{},"metadata":{"operationMetadataId":"feed467c-4af1-4263-b5b3-31a6bf9848aa"},"type":"OpenApiConnection","inputs":{"host":{"apiId":"/providers/Microsoft.PowerApps/apis/shared_sharepointonline","connectionName":"shared_sharepointonline","operationId":"PatchItem"},"parameters":{"dataset":"https://learningpowerautomate.sharepoint.com/sites/PurchaseOrder","table":"de1ec03d-1ea7-459d-b7df-2b3fa2899805","id":"@triggerOutputs()?['body/ID']","item/Title":"@triggerOutputs()?['body/Title']","item/PurchaseAmount":"@triggerOutputs()?['body/PurchaseAmount']","item/Pre_x002d_approvalrequied":true,"item/Pre_x002d_approved":true,"item/Approved":true},"authentication":"@parameters('$authentication')"}},"Send_an_email_(V2)_3":{"runAfter":{"Update_item_4":["Succeeded"]},"metadata":{"operationMetadataId":"79240d4e-4a7d-4cf4-a6fc-e616e8483073"},"type":"OpenApiConnection","inputs":{"host":{"apiId":"/providers/Microsoft.PowerApps/apis/shared_office365","connectionName":"shared_office365","operationId":"SendEmailV2"},"parameters":{"emailMessage/To":"@triggerOutputs()?['body/Createdby/Email']","emailMessage/Subject":"Your purchase order request (@{triggerOutputs()?['body/Title']}) has been APPROVED","emailMessage/Body":"<p>Your purchase order request, @{triggerOutputs()?['body/Title']}, has been APPROVED by the final approver.</p>"},"authentication":"@parameters('$authentication')"}},"Terminate_4":{"runAfter":{"Send_an_email_(V2)_3":["Succeeded"]},"metadata":{"operationMetadataId":"dce4703b-3f47-4d02-85c7-4f2b0b8493b6"},"type":"Terminate","inputs":{"runStatus":"Succeeded"}}},"runAfter":{"Evaluate_Stage_1_Approval_Condition":["Succeeded"]},"else":{"actions":{"Send_an_email_(V2)_2":{"runAfter":{},"metadata":{"operationMetadataId":"6a9ddb17-5d13-417c-b3ef-aed5abb1df6c"},"type":"OpenApiConnection","inputs":{"host":{"apiId":"/providers/Microsoft.PowerApps/apis/shared_office365","connectionName":"shared_office365","operationId":"SendEmailV2"},"parameters":{"emailMessage/To":"@triggerOutputs()?['body/Createdby/Email']","emailMessage/Subject":"Your purchase order request (@{triggerOutputs()?['body/Title']}) has been DENIED","emailMessage/Body":"<p>We regret to inform you that your purchase order request (@{triggerOutputs()?['body/Title']}) has been denied by the second stage approver.</p>"},"authentication":"@parameters('$authentication')"}},"Terminate_3":{"runAfter":{"Update_item_3":["Succeeded"]},"metadata":{"operationMetadataId":"04936246-34c1-4f61-b921-3f4a6a81cc02"},"type":"Terminate","inputs":{"runStatus":"Succeeded"}},"Update_item_3":{"runAfter":{"Send_an_email_(V2)_2":["Succeeded"]},"metadata":{"operationMetadataId":"0ac4f025-acc3-4753-8946-16c1fb2de06e"},"type":"OpenApiConnection","inputs":{"host":{"apiId":"/providers/Microsoft.PowerApps/apis/shared_sharepointonline","connectionName":"shared_sharepointonline","operationId":"PatchItem"},"parameters":{"dataset":"https://learningpowerautomate.sharepoint.com/sites/PurchaseOrder","table":"de1ec03d-1ea7-459d-b7df-2b3fa2899805","id":"@triggerOutputs()?['body/ID']","item/Title":"@triggerOutputs()?['body/Title']","item/PurchaseAmount":"@triggerOutputs()?['body/PurchaseAmount']","item/Pre_x002d_approvalrequied":true,"item/Pre_x002d_approved":true,"item/Approved":false},"authentication":"@parameters('$authentication')"}}}},"expression":{"equals":["@outputs('Create_the_Stage_2_Approval')?['body/outcome']","Approve"]},"metadata":{"operationMetadataId":"b5d9a0fc-e177-4fee-b344-835b7b91e66e"},"type":"If"},"Evaluate_Stage_1_Approval_Condition":{"actions":{"Update_item_2":{"runAfter":{},"metadata":{"operationMetadataId":"fb2d2bad-56b4-4d26-9c6e-2b803e07f159"},"type":"OpenApiConnection","inputs":{"host":{"apiId":"/providers/Microsoft.PowerApps/apis/shared_sharepointonline","connectionName":"shared_sharepointonline","operationId":"PatchItem"},"parameters":{"dataset":"https://learningpowerautomate.sharepoint.com/sites/PurchaseOrder","table":"de1ec03d-1ea7-459d-b7df-2b3fa2899805","id":"@triggerOutputs()?['body/ID']","item/Title":"@triggerOutputs()?['body/Title']","item/PurchaseAmount":"@triggerOutputs()?['body/PurchaseAmount']","item/Pre_x002d_approvalrequied":true,"item/Pre_x002d_approved":true,"item/Approved":false},"authentication":"@parameters('$authentication')"}},"Create_the_Stage_2_Approval":{"runAfter":{"Update_item_2":["Succeeded"]},"metadata":{"operationMetadataId":"f618021a-7954-4d1d-8f34-fd180bc5347d"},"type":"OpenApiConnectionWebhook","inputs":{"host":{"apiId":"/providers/Microsoft.PowerApps/apis/shared_approvals","connectionName":"shared_approvals","operationId":"StartAndWaitForAnApproval"},"parameters":{"approvalType":"Basic","WebhookApprovalCreationInput/title":"@outputs('Update_item_2')?['body/Title']","WebhookApprovalCreationInput/assignedTo":"fmanager@learningpowerautomate.onmicrosoft.com;","WebhookApprovalCreationInput/itemLink":"@triggerOutputs()?['body/{Link}']","WebhookApprovalCreationInput/enableNotifications":true,"WebhookApprovalCreationInput/enableReassignment":true},"authentication":"@parameters('$authentication')"}},"Delay":{"runAfter":{"Update_item_2":["Succeeded"]},"metadata":{"operationMetadataId":"3c80fc1a-22c4-43ce-9057-3ecef230251e"},"type":"Wait","inputs":{"interval":{"count":1,"unit":"Day"}}},"Do_until":{"actions":{"Send_an_email_(V2)_4":{"runAfter":{},"metadata":{"operationMetadataId":"bdee83d2-7d86-4245-ae0a-c83abe3574f7"},"type":"OpenApiConnection","inputs":{"host":{"apiId":"/providers/Microsoft.PowerApps/apis/shared_office365","connectionName":"shared_office365","operationId":"SendEmailV2"},"parameters":{"emailMessage/To":"@outputs('Get_manager_(V2)_of_SharePoint_List_Item_Creator')?['body/mail']","emailMessage/Subject":"You have an approval waiting for you!","emailMessage/Body":"<p>You have an approval waiting for a response! Launch the Microsoft Teams Approvals app or navigate to <a href=\"https://flow.microsoft.com\">https://flow.microsoft.com</a> &nbsp;and select Action items | Approvals to check it out!</p>"},"authentication":"@parameters('$authentication')"}},"Delay_2":{"runAfter":{"Send_an_email_(V2)_4":["Succeeded"]},"metadata":{"operationMetadataId":"b3403a43-24eb-40c4-b730-28e8ae585f14"},"type":"Wait","inputs":{"interval":{"count":1,"unit":"Day"}}}},"runAfter":{"Delay":["Succeeded"]},"expression":"@equals(variables('FirstApprovalDone'), true)","limit":{"count":60,"timeout":"PT1H"},"metadata":{"operationMetadataId":"2b675729-59f3-498b-8ed4-4b8eed0e1fd4"},"type":"Until"},"Set_variable":{"runAfter":{"Create_the_Stage_2_Approval":["Succeeded"]},"metadata":{"operationMetadataId":"dafe8ebe-1098-4dee-8888-875747a20da1"},"type":"SetVariable","inputs":{"name":"FirstApprovalDone","value":"@true"}}},"runAfter":{"Evaluate_Purchase_Amount":["Succeeded"]},"else":{"actions":{"Send_an_email_(V2)":{"runAfter":{},"metadata":{"operationMetadataId":"5a376371-4202-44ee-b779-36932c01ec49"},"type":"OpenApiConnection","inputs":{"host":{"apiId":"/providers/Microsoft.PowerApps/apis/shared_office365","connectionName":"shared_office365","operationId":"SendEmailV2"},"parameters":{"emailMessage/To":"@triggerOutputs()?['body/Createdby/Email']","emailMessage/Subject":"Your purchase order request (@{triggerOutputs()?['body/Title']}) has been DENIED","emailMessage/Body":"<p>We regret to inform you that your purchase order request (@{triggerOutputs()?['body/Title']}) was denied by @{outputs('Get_manager_(V2)_of_SharePoint_List_Item_Creator')?['body/displayName']}.</p>"},"authentication":"@parameters('$authentication')"}},"Terminate_2":{"runAfter":{"Send_an_email_(V2)":["Succeeded"]},"metadata":{"operationMetadataId":"67ef10a6-d36d-459c-8dda-b3cbfeb0d725"},"type":"Terminate","inputs":{"runStatus":"Succeeded"}}}},"expression":{"equals":["@outputs('Create_the_Stage_1_Approval')?['body/outcome']","Approve"]},"metadata":{"operationMetadataId":"f4e0bc67-8ec2-4060-adc7-986fd08a9c62"},"type":"If"},"Initialize_variable":{"runAfter":{"Get_manager_(V2)_of_SharePoint_List_Item_Creator":["Succeeded"]},"metadata":{"operationMetadataId":"ebd2876a-c1f8-44c0-bcc9-fdefd4acb9a0"},"type":"InitializeVariable","inputs":{"variables":[{"name":"FirstApprovalDone","type":"boolean","value":false}]}}}},"connectionReferences":{"shared_office365users":{"connectionName":"shared-office365user-607d032f-af6f-4105-b36e-17839ccd47b5","source":"Embedded","id":"/providers/Microsoft.PowerApps/apis/shared_office365users","tier":"NotSpecified"},"shared_sharepointonline":{"connectionName":"shared-sharepointonl-1d795710-595d-46cc-8589-8394f06d83a0","source":"Embedded","id":"/providers/Microsoft.PowerApps/apis/shared_sharepointonline","tier":"NotSpecified"},"shared_approvals":{"connectionName":"shared-approvals-8d170f3b-4ac2-4987-ad76-c6b5ff89c7ba","source":"Embedded","id":"/providers/Microsoft.PowerApps/apis/shared_approvals","tier":"NotSpecified"},"shared_office365":{"connectionName":"shared-office365-201cb2b2-b26b-4023-9b21-e7ac8bca510b","source":"Embedded","id":"/providers/Microsoft.PowerApps/apis/shared_office365","tier":"NotSpecified"}},"flowFailureAlertSubscribed":false}}